"Address","Name"
"0x7f3dcbc0a163355ec9ede7545ea8030e92735bdf","OptimisticSpartanCouncil"
"0x6ede58cfd6a17a8a8d0974f11ecd872c6426965c","DEMO ADDRESS 1"
"0x95A6a3f44a70172E7d50a9e28c85Dfd712756B8C","AddressResolver"
"0x803FD1d99C3a6cbcbABAB79C44e108dC2fb67102","CircuitBreaker"
"0x308AD16ef90fe7caCb85B784A603CB6E71b1A41a","CollateralEth"
"0x6b761832a78337fbcf7683a45310d221fae0021b","DEMO ADDRESS 2"
"0x15E7D4972a3E477878A5867A47617122BE2d1fF0","CollateralManager"
"0xbA10526cD8742acC73AedeF5f7Dbb2477Bf86922","CollateralManagerState"
"0xeb4b5ABcE7310855319440d936cd3aDd77DFA193","CollateralShort"
"0xD21969A86Ce5c41aAb2D492a0F802AA3e015cd9A","CollateralUtil"
"0x6bf4943ddb1006aa8cfe9b9c8101ac0486ce0773","DEMO ADDRESS 3"
"0x54581A23F62D147AC76d454f0b3eF77F9D766058","DappMaintenance"
"0x96bDD51Cd421CD84123577Fe5Ea44A45Dacf01BA","DebtCache"
"0xA6bc30d854c2647574921c4AF442008DB7d32ad5","DebtMigratorOnOptimism"
"0x2A23bc0EA97A89abD91214E8e4d20F02Fe14743f","DelegateApprovals"
"0x02f7fB66B55e6ca476d126d96f14c5732Eeb4363","DelegateApprovalsEternalStorage"
"0x186c50515e6Ee95cEC381d7f6Fe72C67085dBCb4","DirectIntegrationManager"
"0x64EA298C622c628C8b4C596c1e4403eb5AFcFff7","DynamicSynthRedeemer"
"0xcdb7D0a946223255d39A6e29B54f08f3291cc118","EscrowChecker"
"0xC8E91c926E04BE1cb94e51c5379d14774D51ae6C","EtherCollateral"
"0xC0c66470E766AE2026E6695966C56C90741811AA","EtherCollateralsUSD"
"0xc3Ee42caBD773A608fa9Ec951982c94BD6F33d59","EtherWrapper"
"0x7322e8F6cB6c6a7B4e6620C486777fcB9Ea052a4","ExchangeCircuitBreaker"
"0x913bd76F7E1572CC8278CeF2D6b06e2140ca9Ce2","ExchangeRates"
"0xFfa3635f5844eA0F2FcCB03cb936828F508F558b","ExchangeSettlementLib"
"0x7EF87c14f50CFFe2e73d2C87916C3128c56593A8","ExchangeState"
"0x24b4b6703a2eE7bA75a4Fc859B606F0bbaeef4EA","Exchanger"
"0xf9FE3607e6d19D8dC690DD976061a91D4A0db30B","FeePool"
"0x41140Bf6498a36f2E44eFd49f21dAe3bbb7367c8","FeePoolEternalStorage"
"0x6e0d26cffc3a63d763F1546f749bf62ebC7d72D8","FeePoolState"
"0x47649022380d182DA8010Ae5d257fea4227b21ff","FlexibleStorage"
"0x001b7876F567f0b3A639332Ed1e363839c6d85e2","FuturesMarketAAVE"
"0xFe00395ec846240dc693e92AB2Dd720F94765Aa3","FuturesMarketAPE"
"0x4ff54624D5FB61C34c634c3314Ed3BfE4dBB665a","FuturesMarketAVAX"
"0x4Aa0dabd22BC0894975324Bec293443c8538bD08","FuturesMarketBNB"
"0xEe8804d8Ad10b0C3aD1Bd57AC3737242aD24bB95","FuturesMarketBTC"
"0x9f231dBE53D460f359B2B8CC47574493caA5B7Bf","FuturesMarketDOGE"
"0x10305C1854d6DB8A1060dF60bDF8A8B2981249Cf","FuturesMarketDYDX"
"0xC51aeDBEC3aCD26650a7E85B6909E8AEc4d0F19e","FuturesMarketData"
"0xd325B17d5C9C3f2B6853A760afCF81945b0184d3","FuturesMarketDebtRatio"
"0xf86048DFf23cF130107dfB4e6386f574231a5C65","FuturesMarketETH"
"0xad44873632840144fFC97b2D1de716f6E2cF0366","FuturesMarketEUR"
"0x1228c7D8BBc5bC53DB181bD7B1fcE765aa83bF8A","FuturesMarketLINK"
"0xbCB2D435045E16B059b2130b28BE70b5cA47bFE5","FuturesMarketMATIC"
"0xd30bdFd7e7a65fE109D5dE1D4e95F3B800FB7463","FuturesMarketManager"
"0x9F1C2f0071Bc3b31447AEda9fA3A68d651eB4632","FuturesMarketOP"
"0xcF853f7f8F78B2B801095b66F8ba9c5f04dB1640","FuturesMarketSOL"
"0xaE55F163337A2A46733AA66dA9F35299f9A46e9e","FuturesMarketSettings"
"0x5Af0072617F7f2AEB0e314e2faD1DE0231Ba97cD","FuturesMarketUNI"
"0xb147C69BEe211F57290a6cde9d1BAbfD0DCF3Ea3","FuturesMarketXAG"
"0x4434f56ddBdE28fab08C4AE71970a06B300F8881","FuturesMarketXAU"
"0x3Ed04CEfF4c91872F19b1da35740C0Be9CA21558","FuturesMarketXMR"
"0xb4E0FA941376e101C29A9FA5A9C6a95489aA34cD","Issuer"
"0xB589Af3f2e3377A9a57da74bE1b6598926479505","Liquidator"
"0xF4EebDD0704021eF2a6Bbe993fdf93030Cd784b4","LiquidatorRewards"
"0x0B3A73EE0740b3130e40B2A6b5aaf59E7E3Ef74c","Math"
"0xA408d8e01C8E084B67559226C5B55D6F0B7074e2","OneNetAggregatorDebtRatio"
"0xe152A2DbcE62E6c0bd387fFd1bb8086F44c5Fd04","OneNetAggregatorIssuedSynths"
"0x6d4a64C57612841c2C6745dB2a4E4db34F002D20","OwnerRelayOnOptimism"
"0xDC7a51F5c32909AcD5D03d11944c4480bee1Cd47","PerpsV2DelayedExecution1INCHPERP"
"0xf73fA296DF4C46b7182B14AC7862f6E08Da84150","PerpsV2DelayedExecutionAAVEPERP"
"0x18970122d688B97023Edc44DA27A51230dC6799c","PerpsV2DelayedExecutionADAPERP"
"0x799654ecaF87E769C56f722C82Fbc7BBCC4f621C","PerpsV2DelayedExecutionALGOPERP"
"0x93465C5a94361A8bc7313e9a443bf76d54e09Ce9","PerpsV2DelayedExecutionANKRPERP"
"0xdDeB6cb0D6050C9221D037Aa099a2D11C443548a","PerpsV2DelayedExecutionAPEPERP"
"0xfD9E252Cd1Fa456AaD9fC592608e86FaBcF40F77","PerpsV2DelayedExecutionAPTPERP"
"0x31Ec26dE77aA4c859b7a15A37D2Fc9EB61289C14","PerpsV2DelayedExecutionARBPERP"
"0x76FB9F147d40480b6e030c09CD53fDF912C6178f","PerpsV2DelayedExecutionATOMPERP"
"0x0D8121E17b74e537286304c7804a5bC592A7964f","PerpsV2DelayedExecutionAUDPERP"
"0xC56a0198c08c3610980340660C39f6D6C7Ea765a","PerpsV2DelayedExecutionAVAXPERP"
"0x2b8cE8a8ABF039DB01B2ad7F512b9157467eb264","PerpsV2DelayedExecutionAXSPERP"
"0x8d51BF0759e1a01c15F91940BaaaD08B6B45a637","PerpsV2DelayedExecutionBALPERP"
"0xA14849ad93999d8B184A1d61FbA7B4fFbD24f96C","PerpsV2DelayedExecutionBCHPERP"
"0x2214cD24c13D7B36432C66e73984Bc44D479CD51","PerpsV2DelayedExecutionBLURPERP"
"0x210BA565130f2aF399fD8435a279b22894e8D096","PerpsV2DelayedExecutionBNBPERP"
"0x1496d992e66a1843fE91659689C697844aC8712d","PerpsV2DelayedExecutionBONKPERP"
"0x33C8daF48c691C54897070C3621fdecC249C7202","PerpsV2DelayedExecutionBTCPERP"
"0x5dCA1c6c75f6410CB4020A4aB5657FEF716fCfc3","PerpsV2DelayedExecutionCELOPERP"
"0x9f3be6Be18E8D0613f87c86A0b1875B74f404A11","PerpsV2DelayedExecutionCOMPPERP"
"0x53bD23EEd35C00EF09D4Ebd8F71005b0DCC97E1a","PerpsV2DelayedExecutionCRVPERP"
"0x400813263d6300347423E02fc8402735340aaE72","PerpsV2DelayedExecutionCVXPERP"
"0x374f2D3353bd664a2B25508df4a3b58939999E1B","PerpsV2DelayedExecutionDOGEPERP"
"0x5C4fD006f3dC9C6a2259B2fb82CfD500056978ec","PerpsV2DelayedExecutionDOTPERP"
"0xE6aC817Cfdd83073aec079cD9EBb9c35479b7665","PerpsV2DelayedExecutionDYDXPERP"
"0xE7b44E0411307B637A1B3B75AF8c37d752857Ae1","PerpsV2DelayedExecutionENJPERP"
"0x15F71Cb39F39A3b30ef610a15Ce1CBE766CB069C","PerpsV2DelayedExecutionEOSPERP"
"0x98d601E04527a0acBB603BaD845D9b7B8840de1c","PerpsV2DelayedExecutionETCPERP"
"0xb16a8B06318C78c274f3BBc5CC5C9191B0d0c1A3","PerpsV2DelayedExecutionETHBTCPERP"
"0x2227af48ec971E3C786f3E06064CbA455724d6ba","PerpsV2DelayedExecutionETHPERP"
"0xEAacaDa91015c11D43bD788F09B2d54decfdc2e8","PerpsV2DelayedExecutionEURPERP"
"0x0f98F15020CBeaa572E86E05e4717E504b6A4fA5","PerpsV2DelayedExecutionFETPERP"
"0x530F4A84e99eF78A5C2A4E64Cd5d126b40c99242","PerpsV2DelayedExecutionFILPERP"
"0xF52Df12Dd62731a11180403212EE67cb5F4d6345","PerpsV2DelayedExecutionFLOKIPERP"
"0x19BA5013824a45Ee0F9E4738c8618d40bA11234a","PerpsV2DelayedExecutionFLOWPERP"
"0x50197701bd09f8DBDd6716b1b9080574819a3776","PerpsV2DelayedExecutionFTMPERP"
"0xcCe2c84C91e6c4de7e87704b3D5C4fba10626234","PerpsV2DelayedExecutionFXSPERP"
"0xD3d59d4b8B504Ea6e49c5788Fe1BC7505c6f61EA","PerpsV2DelayedExecutionGBPPERP"
"0x3382A15bd1956e908a1EF2D027F92b2Bfc84558c","PerpsV2DelayedExecutionGMXPERP"
"0x6cE41F0c16BD789CD4b97ff75fBFB510a6c211e5","PerpsV2DelayedExecutionGRTPERP"
"0xE72f5C2B7C8E8697aFFe886497d22ad47D832085","PerpsV2DelayedExecutionICPPERP"
"0x6DAa4Eb27a25C3727e9857FD6b0B736Ff397542e","PerpsV2DelayedExecutionIMXPERP"
"0x53bAd7c8cE47Fa070e5BB25adea796409E0e8058","PerpsV2DelayedExecutionINJPERP"
"0x05718A8adFaF321b0e21DaaE77A44a2De71F6d9f","PerpsV2DelayedExecutionJTOPERP"
"0xa3D7AeCf60B33eB7582E6cC38bFb60926E7D2131","PerpsV2DelayedExecutionJUPPERP"
"0xE1264B2B97be89755FBCE7A280FD276C55F661D1","PerpsV2DelayedExecutionKNCPERP"
"0x8D08A8A066E9606F854a3C68FcC730e406319996","PerpsV2DelayedExecutionLDOPERP"
"0xd3f1BDdC7F25eAfDB939d6B4f62Cb9d5b19d346F","PerpsV2DelayedExecutionLINKPERP"
"0x869d17fd46F76f0e439bec2992f2D45B40253f88","PerpsV2DelayedExecutionLTCPERP"
"0x8e1B638EF5E796504BE87fB81943e613875EcabE","PerpsV2DelayedExecutionMATICPERP"
"0xFc6895ff4756985BCa9df2AABB5f31651C591Bef","PerpsV2DelayedExecutionMAVPERP"
"0x2cFD760B02CC196E611CE867862C0654B1527c2C","PerpsV2DelayedExecutionMEMEPERP"
"0xE0d1A14EBC3bc4460fEeB67A45C8198063cCC7c7","PerpsV2DelayedExecutionMKRPERP"
"0x3403A3430e4a62577e70fB48e070268D84a8F910","PerpsV2DelayedExecutionNEARPERP"
"0xBe0f35e3d0ffe514969333B4d07A279D3d66A494","PerpsV2DelayedExecutionONEPERP"
"0xbF1E06FaCb51B8A9223F266F303a88d3Dfc46226","PerpsV2DelayedExecutionOPPERP"
"0xf595193ba60485855d3F6bD2e60c487cC6A99B9D","PerpsV2DelayedExecutionORDIPERP"
"0x83C71b63c14900026f30af0a39C0e1CaB30f4A2f","PerpsV2DelayedExecutionPENDLEPERP"
"0xe9e46a7323d54af1550B931c8bD6F8615f079379","PerpsV2DelayedExecutionPEPEPERP"
"0x692c746f443031559E9816b50c99165fd452982d","PerpsV2DelayedExecutionPERPPERP"
"0x41c49bBc181211b289D2a29318f485fAc2692489","PerpsV2DelayedExecutionPYTHPERP"
"0x097b1ec678F135fa31C7D4c0D92b34940dB06251","PerpsV2DelayedExecutionRNDRPERP"
"0xF0671cF8a1a0b3308e84852308F9624B9eC2e28f","PerpsV2DelayedExecutionRPLPERP"
"0xB4D55aE3a6B3B73633F622Ef89e94E4bAD05c08F","PerpsV2DelayedExecutionRUNEPERP"
"0xb2E9642F96A1b576ab0232ec35Cb0d7d07D1172F","PerpsV2DelayedExecutionSEIPERP"
"0x62137897f2b09c588327D80CBbFB9C6018c352Ef","PerpsV2DelayedExecutionSHIBPERP"
"0x9A90C6FA8828baCD5B9eDD513F77bA7e4528C7E8","PerpsV2DelayedExecutionSOLPERP"
"0x4c0f7b167e7D280D97471f5A17F4Eb214E15A440","PerpsV2DelayedExecutionSTETHETHPERP"
"0x02e85b8dD638a5FabD9D67802A92721D2e18fc6d","PerpsV2DelayedExecutionSTETHPERP"
"0xdA9303CE53a1800b0F077C1A9a1A253Ee8A64457","PerpsV2DelayedExecutionSTRKPERP"
"0xA2C0843c8cb9f29Fa40fc0ffd2B4995A0f05C15c","PerpsV2DelayedExecutionSUIPERP"
"0xdB87f699ae4045c290033240f22C0CBe80d95724","PerpsV2DelayedExecutionSUSHIPERP"
"0x89EF1ccB62eE764Be2f817f3fDf20598EC90fBCa","PerpsV2DelayedExecutionTIAPERP"
"0x30BB2B3A49ca31e0DD9D1C330E3e9bC8d4390B33","PerpsV2DelayedExecutionTRBPERP"
"0xC20e63aB2F1303079a6cC31013534e3989CFC8dc","PerpsV2DelayedExecutionTRXPERP"
"0x581Fa71eB5b5D704d0c268EEd58e48f801338f7B","PerpsV2DelayedExecutionUMAPERP"
"0x418d195155058ABC4A26D59c8A6CE83A7d52288A","PerpsV2DelayedExecutionUNIPERP"
"0x244c689BFa19F046124e75339887f9918317b919","PerpsV2DelayedExecutionUSDTPERP"
"0x695Fdda0E1546cA369Df3CabE8ED33407Cf62341","PerpsV2DelayedExecutionWLDPERP"
"0x546Ee4A4299dC3d3b64D6a889759E04aCef6B92D","PerpsV2DelayedExecutionXAGPERP"
"0x1a83bBccFaB68A8bF901c298c5dB5ACb8a2C7b05","PerpsV2DelayedExecutionXAUPERP"
"0x2aEF3F9E57E2695C32bEaC56d79BFe4efb55bF63","PerpsV2DelayedExecutionXLMPERP"
"0x926b1148DaFe298ff7Fdc2d01Ae1bC3Fa3b4FAE4","PerpsV2DelayedExecutionXMRPERP"
"0x28bDE5C67624B2eF7Fa27C9C9B0678fE3009913e","PerpsV2DelayedExecutionXRPPERP"
"0x4Fb59e8dAfcd398b2ca7Fe2Af5a7405Cd0d22278","PerpsV2DelayedExecutionXTZPERP"
"0x7aF6Be46f83d25902cfa49c9e16BEc54893f25cB","PerpsV2DelayedExecutionYFIPERP"
"0x3f9917995e1a55060B984dbeE9d7358D9eB7AC8c","PerpsV2DelayedExecutionZECPERP"
"0x89698dc9ECD95337AD64FDa7dF773dA5007926A8","PerpsV2DelayedExecutionZILPERP"
"0x08BCea94194A1D63379123073Cb254b77f7721A5","PerpsV2DelayedExecutionZRXPERP"
"0x6d5403B5b195F0F26aaF5e2a7FD58aB1D0Fb2F3e","PerpsV2DelayedIntent1INCHPERP"
"0xc4786C4484C06bD463f124EBeF2175f67759EA1A","PerpsV2DelayedIntentAAVEPERP"
"0x59798C3ec713213C274Bd8827642DAF2A798181e","PerpsV2DelayedIntentADAPERP"
"0x9bAEDd40FaE33Ce9022D39a9bd71F325E626a06e","PerpsV2DelayedIntentALGOPERP"
"0x977264557C22491947c88c72eb91Bf297d1bB44f","PerpsV2DelayedIntentANKRPERP"
"0x3Cf1BE829C5eE73630482D2E92bF9461Adf1b213","PerpsV2DelayedIntentAPEPERP"
"0xD681CF2419bb3F85732412164b6542843E9A64A5","PerpsV2DelayedIntentAPTPERP"
"0x99ae21FeB485A89252B9bFB394E6Eb8c736436Bd","PerpsV2DelayedIntentARBPERP"
"0x2c5fc227AF9100F8d6FC963549De3e3BadA8c3A9","PerpsV2DelayedIntentATOMPERP"
"0x010a2f40B3b09FdBc60cb06f1b7F1a2A757d0eF2","PerpsV2DelayedIntentAUDPERP"
"0x9D6Db4d562D670a987b5D9e07Db71bab33Eb1428","PerpsV2DelayedIntentAVAXPERP"
"0x6FBcabaa42cE1818f23a0b909dbD9BC7691FC1E6","PerpsV2DelayedIntentAXSPERP"
"0xBc5B0A6dCaDD4Fc27665601401D6f03D97375B24","PerpsV2DelayedIntentBALPERP"
"0x9F77aF45F13738Be8D3bb772A86310f4e452aFd4","PerpsV2DelayedIntentBCHPERP"
"0xFf82e4012816CC01093565C6d2EE2Af83f3cb3Ae","PerpsV2DelayedIntentBLURPERP"
"0x2ae5608AB3fb3863a713715f3F59216bCAbc5150","PerpsV2DelayedIntentBNBPERP"
"0x31d83b7A96B298111352A5a8D9cD396ED9eCC4c9","PerpsV2DelayedIntentBONKPERP"
"0x527b99E3d31F71D2414CC2dbAbE0d527f9160926","PerpsV2DelayedIntentBTCPERP"
"0x32a357AdE8497EA57446b4BF5099FA9F0918592f","PerpsV2DelayedIntentCELOPERP"
"0x6172289961007908442a0437891DcD966F368563","PerpsV2DelayedIntentCOMPPERP"
"0x9E3c1F1f5868701A4D8CaA58D61dF2F74aeFe926","PerpsV2DelayedIntentCRVPERP"
"0xc23BAbF6Ff26b9EBD36Bb28da9eeA3F42534Aa79","PerpsV2DelayedIntentCVXPERP"
"0x128d0Eb5E26Cf95128AA9aC395f88dcE705AedAc","PerpsV2DelayedIntentDOGEPERP"
"0x4d178B91a3B16a124d2A90d944dB8C70A334FBdA","PerpsV2DelayedIntentDOTPERP"
"0xdFaEBe6A2B2BDAc52aC2E172e0175988d7472c60","PerpsV2DelayedIntentDYDXPERP"
"0xf23DF6328A8EDCFb34B9905715a32181e72964c3","PerpsV2DelayedIntentENJPERP"
"0x02A26Df328E08c12ce3A5ed428b83Dc5e4c2ee67","PerpsV2DelayedIntentEOSPERP"
"0xAD35498D97f3b1a0B99de42da7Ad81c91156BA77","PerpsV2DelayedIntentETCPERP"
"0x978D4b5438D3E4EDf4f03682e5A53b48E56604c5","PerpsV2DelayedIntentETHBTCPERP"
"0x3ADA6D040314676B1e8A4BC1a0a16060b42A00eF","PerpsV2DelayedIntentETHPERP"
"0x4BA1bdbc15281775a8437EAcdbAF8fbfD3A6a224","PerpsV2DelayedIntentEURPERP"
"0xc3A4c26DFF46Da40C508BAa09C94f222fF5452eb","PerpsV2DelayedIntentFETPERP"
"0x6F910A87565c581e101FBba25fE5B2570181794C","PerpsV2DelayedIntentFILPERP"
"0x3FCC706dd9ab9Ac3DAF6f205AbE26712ddcBbd3E","PerpsV2DelayedIntentFLOKIPERP"
"0x81b5c28e3905233bc4B96B182160593779d2CB83","PerpsV2DelayedIntentFLOWPERP"
"0x88b7BD7A245F2fB597de88a6EDA0CAEe047f607a","PerpsV2DelayedIntentFTMPERP"
"0x4022AB250B5c32c286A3953bc740368D6b68b067","PerpsV2DelayedIntentFXSPERP"
"0xc8590aEb1484e642f7321bd0586B6DB3165a862C","PerpsV2DelayedIntentGBPPERP"
"0x9053e51047BA7f0141f3d1F23AC7Ec6861bf9Fba","PerpsV2DelayedIntentGMXPERP"
"0xB9020cE5086feC8e9cEfe86b23C2d31Ee5f6f678","PerpsV2DelayedIntentGRTPERP"
"0xcAd243fA79De8Acb3B0336Dd9793A16D8e6A3aA5","PerpsV2DelayedIntentICPPERP"
"0xbBF6444e3Ba09ae34288EFc9139A669A3359Dc95","PerpsV2DelayedIntentIMXPERP"
"0x0cDFdbF84Ac56D54657d3895602BB2982fD1EFE4","PerpsV2DelayedIntentINJPERP"
"0x064F65c29d29386b37d7D78804fd4246AC7edA0B","PerpsV2DelayedIntentJTOPERP"
"0x3756909c4240aD5b442eC3d138e2cE42F27eC605","PerpsV2DelayedIntentJUPPERP"
"0xE6bf793B3ED4b42f8c3FB883a60e49f976a1791e","PerpsV2DelayedIntentKNCPERP"
"0x6BAD3Be3A7B3853739729833425a8b22737D0dAC","PerpsV2DelayedIntentLDOPERP"
"0x560F562be696BaEfA0029c954cC69352bfb33e41","PerpsV2DelayedIntentLINKPERP"
"0x7733b88Bf971b9c77cC3C1B64a2Ef4fC06b08017","PerpsV2DelayedIntentLTCPERP"
"0x7F059E5FAA4972B098C7539A6721c596BDc942de","PerpsV2DelayedIntentMATICPERP"
"0x6A5A1E32216377FC03bFFdC9B33fe29c2f14Ec84","PerpsV2DelayedIntentMAVPERP"
"0xE0d47B8F4c0fa9BEef45544b2507c4832d0aDB06","PerpsV2DelayedIntentMEMEPERP"
"0xDEbC936c5aDfd1331E5fa4AE76DB7197283342d0","PerpsV2DelayedIntentMKRPERP"
"0x699c039c9E21d49B8c38768619942dfaB6E8E38d","PerpsV2DelayedIntentNEARPERP"
"0x66f916cc0B0b26C1783974A60Cef9B0AfC382825","PerpsV2DelayedIntentONEPERP"
"0xF9F70F783BE3ee6ebde9504BA0AC0730151b0a22","PerpsV2DelayedIntentOPPERP"
"0x709F4EF76E243B365f0172f6C4CFA825af7Ae468","PerpsV2DelayedIntentORDIPERP"
"0xaEE950b1704c3eeeF954FA326AF42A4A9d083Cc2","PerpsV2DelayedIntentPENDLEPERP"
"0x41aE759b8e75f4EE544cD08B4369e5F4719561FE","PerpsV2DelayedIntentPEPEPERP"
"0x5E51817910c53A01e7Ee90B8640a66768075bf2E","PerpsV2DelayedIntentPERPPERP"
"0xF854e2472E56fe064f726baE7352F1Ed486c6684","PerpsV2DelayedIntentPYTHPERP"
"0xC81e43B6FB257760cb655C5B3Ea0b87d93cf01B5","PerpsV2DelayedIntentRNDRPERP"
"0xc9c64cF6D1CE4b41D087F08EdAa9De23262f1EdA","PerpsV2DelayedIntentRPLPERP"
"0xDaf440cDeA843762c6D4ECFA7C2f64AED832319e","PerpsV2DelayedIntentRUNEPERP"
"0x9D81F2898127f812751dc09C210D839a7DB651aa","PerpsV2DelayedIntentSEIPERP"
"0xf037641c69c1156530c182B970045EBA6289553b","PerpsV2DelayedIntentSHIBPERP"
"0xA5BAff7D9928AE32C5e1ff441e4575951CB01111","PerpsV2DelayedIntentSOLPERP"
"0xFF5CfDB5b9640EaEA8D23C1d72014346aE8174FD","PerpsV2DelayedIntentSTETHETHPERP"
"0x9B0071d4Ee4a078dbdD5100799D8eA700A6dA709","PerpsV2DelayedIntentSTETHPERP"
"0x3b17232cBcEcb5DE01bb92Aee2fC35e507F0aBbb","PerpsV2DelayedIntentSTRKPERP"
"0x700EDD66fB75516427C793f5Fe376f6fe1aCc932","PerpsV2DelayedIntentSUIPERP"
"0xd01a18C2eDB9f411A8329eF9B2905F3Cf7D35408","PerpsV2DelayedIntentSUSHIPERP"
"0x2774b19d141019B296E880aBd5f7E39A81D3164C","PerpsV2DelayedIntentTIAPERP"
"0x5e24c013e8d8b60D53D77cce019263e1964ed8D1","PerpsV2DelayedIntentTRBPERP"
"0xc254F4A4Bc16218eD30A3D674d8fae3f25B6Af5d","PerpsV2DelayedIntentTRXPERP"
"0xD60E490fBF42a43E67F1e8d74debd7bCB5240F80","PerpsV2DelayedIntentUMAPERP"
"0xB0b6b79Fbb09290b0663D6D767FFCEE7EA742428","PerpsV2DelayedIntentUNIPERP"
"0xD53C50B644aa4E29fe2B633E97187e2Aa3cBd6fc","PerpsV2DelayedIntentUSDTPERP"
"0x81891EBC7cF265B87D8658EC2E703fB703392845","PerpsV2DelayedIntentWLDPERP"
"0xF40E46c74CA3E72d8dC490493FA9499999C6256E","PerpsV2DelayedIntentXAGPERP"
"0x76c6C768ac45F0a3d266FF3e73257937Fc962FE6","PerpsV2DelayedIntentXAUPERP"
"0x9576B1104c0fa29F76B3559B77e0fD0A6b450213","PerpsV2DelayedIntentXLMPERP"
"0x239847700D9134cEEAEC306DAA40b569CEe1D5a0","PerpsV2DelayedIntentXMRPERP"
"0x7F4B56A8Fe268666d95e64F16A96bBDCfB89DF54","PerpsV2DelayedIntentXRPPERP"
"0xa7912822C220cda3596CAbFe9077769576E2b46E","PerpsV2DelayedIntentXTZPERP"
"0xf7AF14838789093ccD01c67cF9Bc5f602501cEd0","PerpsV2DelayedIntentYFIPERP"
"0xD21257d00E06621b1946532a2410dB1aBa75C638","PerpsV2DelayedIntentZECPERP"
"0x0e1A5c48f3Ae7c629155aFAbbBcd5442627c7EF6","PerpsV2DelayedIntentZILPERP"
"0x58e178B0CacD1bc56a2cC408030A1f69eDc315f7","PerpsV2DelayedIntentZRXPERP"
"0x2C15259D4886e2C0946f9aB7a5E389c86b3c3b04","PerpsV2ExchangeRate"
"0x06bA4E6246A0C4BcBB53Ec860bE5372Fc40629ab","PerpsV2Market1INCHPERP"
"0x42AAa33a13bDac31D8B9e04D9d5Db7F9FC8C0119","PerpsV2MarketAAVEPERP"
"0x6A071D06b9e317A5Bc0780dD5E7eE8C41c5C3cB8","PerpsV2MarketADAPERP"
"0x949404d0AC66430842145204fB83c1aB9C21F35B","PerpsV2MarketALGOPERP"
"0x250AD7A503132Bf851743cef092b56CB1C33a3bC","PerpsV2MarketANKRPERP"
"0x74Eb1E2EfaDDde923f92F31c209a788475A20A1C","PerpsV2MarketAPEPERP"
"0x9B1c2055465e1F1AaEa14d68fC688175cf46cdfe","PerpsV2MarketAPTPERP"
"0x5b37D50F3b7F03884d7cD005CDc7120F5060808c","PerpsV2MarketARBPERP"
"0x9597494F1675F1D62Edb03dee40D84828EF5B295","PerpsV2MarketATOMPERP"
"0xAF89069dC03d65C1b3091D770a8D3b4D02126849","PerpsV2MarketAUDPERP"
"0xE4bC6Fce51de6198Ac13eDB55E60B5ca67A4d7C9","PerpsV2MarketAVAXPERP"
"0x4eB7Ce307DE597F854124D018ec9edE0A8D57931","PerpsV2MarketAXSPERP"
"0x27B9C4af1BACd39Fb216A3a27c9F1E3cd8570b19","PerpsV2MarketBALPERP"
"0xcB9208c6091dF778BF405f3938B6A6beF427e37E","PerpsV2MarketBCHPERP"
"0x4Fc5beD961d41ba5F198DE7484637800Dac78eb1","PerpsV2MarketBLURPERP"
"0xf4Aa6bF149873Cb965061f845407091eF9f50722","PerpsV2MarketBNBPERP"
"0x731FB37F96Be476792dbfdF2a642a6257768c498","PerpsV2MarketBONKPERP"
"0x352B138d7F6500fC71A014F3C7eD48B6d99fbe4d","PerpsV2MarketBTCPERP"
"0x4334DfcB85EaB5dA80b162F930B56F47Ebb156f1","PerpsV2MarketCELOPERP"
"0xA154EcFFfb46380991751DE890956b245142e10C","PerpsV2MarketCOMPPERP"
"0xcA3AF1757f1ce97956c289ccc6B171A14acD85Ca","PerpsV2MarketCRVPERP"
"0x9Cc5C4af60485a582b86E29AC8681D113fD2a197","PerpsV2MarketCVXPERP"
"0xdcf2D2C4949D6358bF05cfd88dAE83276cf7552b","PerpsV2MarketDOGEPERP"
"0x9Cd7ccac32231ccb842f14368B3DA3B33f20d3BE","PerpsV2MarketDOTPERP"
"0x65Df3Ec0d5fd06a2f29C68e7894804b496945ef2","PerpsV2MarketDYDXPERP"
"0x340B5d664834113735730Ad4aFb3760219Ad9112","PerpsV2MarketData"
"0x9651De67fD8c3003a56b25dc24C73C317f00251d","PerpsV2MarketENJPERP"
"0x4F9c7cE72255CC04ca2159793a59EFE3E6F40aA5","PerpsV2MarketEOSPERP"
"0x79AE4AAC073c6f153644647Af14F202ca8cc39C5","PerpsV2MarketETCPERP"
"0x3091AcaEAF27985F33a8a4b0EefEa49dc60c8506","PerpsV2MarketETHBTCPERP"
"0x7c1560f20907Ed41aC740873FACF9E3Dce4f18DD","PerpsV2MarketETHPERP"
"0xcE8Bcb110101D6cDe21d6c76bD799261385AA950","PerpsV2MarketEURPERP"
"0x8cfdfAf68efC96293A395B5Ef94e5736EC71020C","PerpsV2MarketFETPERP"
"0x2dc99068ad1D5b437B63c2aFA5c3D30a23084764","PerpsV2MarketFILPERP"
"0x47F99a380cc020b5DB4B000aF445a232081ceEe7","PerpsV2MarketFLOKIPERP"
"0x661c2479BffE01eB99EeC9169149BaA5DAbeB883","PerpsV2MarketFLOWPERP"
"0x1454ba0f1c5Fcb401cfe72E028114FEE022990EE","PerpsV2MarketFTMPERP"
"0x29601BAfeE838F75679e0024E9b8E44D6f1b6f2c","PerpsV2MarketFXSPERP"
"0x7690Af487c06674785daEF91EF6576464B46D249","PerpsV2MarketGBPPERP"
"0x222eb6ce2461798382D044ABE53edcf8752B47f7","PerpsV2MarketGMXPERP"
"0xFd7B1A558e97b7C42ab0B66699774daC1E6C91bb","PerpsV2MarketGRTPERP"
"0x7221d65B8e46a380102EBE986C01A9481e75Bd9E","PerpsV2MarketICPPERP"
"0x17711043B91ac78d4a9D9D4Eff4982Ae34718596","PerpsV2MarketIMXPERP"
"0x84e12CCEa1311DA4090002279C2f46EC828199f3","PerpsV2MarketINJPERP"
"0xFA2fAB480bbdE7C34286616132a0e84AbC8720E6","PerpsV2MarketJTOPERP"
"0xA2fd4da04a2Dd32860Cd9e12FD4d9d17c3211949","PerpsV2MarketJUPPERP"
"0xf9C0122A38c6B85FDAfF3065f3d0822D9802E03e","PerpsV2MarketKNCPERP"
"0xdCB4ec61fee47955462FD1F3fa89A6F32cc6A800","PerpsV2MarketLDOPERP"
"0x885B3fF84a0Fe82eb97A23093421504e42cc8f74","PerpsV2MarketLINKPERP"
"0x61a7AE08B9061F96934a2093cbe59F839355FFF5","PerpsV2MarketLTCPERP"
"0x08e52251d4434eadF1f2Ce01D419B6249694d9e5","PerpsV2MarketLiquidate1INCHPERP"
"0xFCce7f97100C0Bdd63c3d53ce0Ac35bE1F900a5e","PerpsV2MarketLiquidateAAVEPERP"
"0x4a74Fc79618B018B0Db1dfeea225B38666D32871","PerpsV2MarketLiquidateADAPERP"
"0xc0929A879906AF158B63230BC7a60144F2E26839","PerpsV2MarketLiquidateALGOPERP"
"0x35A713bbb5a205c4dF96A8391E26Fb6228248f2f","PerpsV2MarketLiquidateANKRPERP"
"0x0b1E9543c3Cda15d431DCdc94724F3FF3caDAc1F","PerpsV2MarketLiquidateAPEPERP"
"0xF6Af0F6E69A24Bc753382a9C53d568D83515f167","PerpsV2MarketLiquidateAPTPERP"
"0xeF7F0BC2D93caEaA824EE56592e3C2E9d5Bf0C34","PerpsV2MarketLiquidateARBPERP"
"0xCc60342649c58A9D5a5293030CCBc230b1231127","PerpsV2MarketLiquidateATOMPERP"
"0xd1b73C8251acf068ea03A42177bD1E3F610F9fB4","PerpsV2MarketLiquidateAUDPERP"
"0xB1ad6dD82d086F31d2143080b0064aBc44cf2b5B","PerpsV2MarketLiquidateAVAXPERP"
"0x73d3c278BE973624AEA70ef89C61113E55317AB6","PerpsV2MarketLiquidateAXSPERP"
"0x797c42Ff20162B806b813B78E5ceD6d69E06a09a","PerpsV2MarketLiquidateBALPERP"
"0xe0c39E7b896E7fd1F9fd221079502BDa23e81115","PerpsV2MarketLiquidateBCHPERP"
"0x325a0fA8e3A0A40Fa82bc6D222B1af765Ab77B36","PerpsV2MarketLiquidateBLURPERP"
"0xE7C25f3E803C7eb5a08d0332D0c28417241d5462","PerpsV2MarketLiquidateBNBPERP"
"0x60b7278c91c31d668fBB961B702C3CB3aD59DbA5","PerpsV2MarketLiquidateBONKPERP"
"0x0679e0fa9ecD77e2Bd900555CbE10a5Dd519A5fd","PerpsV2MarketLiquidateBTCPERP"
"0xf4EDc15CCf3bE5833dB3753AA91782a601F9aeda","PerpsV2MarketLiquidateCELOPERP"
"0x6e7209c0dB7110fc5606BAAC492Ce4dEA2EFEd8e","PerpsV2MarketLiquidateCOMPPERP"
"0xB2E26D988A5557b571bF9833a8a60d25799293E1","PerpsV2MarketLiquidateCRVPERP"
"0x0134c2E630cB2E5385261C4CA9308e87Ba70B432","PerpsV2MarketLiquidateCVXPERP"
"0x277EFAFCCB3683Fd0DD5facCa8f37E3130D359Fb","PerpsV2MarketLiquidateDOGEPERP"
"0x4C2A2390c2908E0e489F8a487CE332f7CD6c1357","PerpsV2MarketLiquidateDOTPERP"
"0x1f6B92EB7aA3dacA3DcCBaD74928827CF003f9A4","PerpsV2MarketLiquidateDYDXPERP"
"0x03c0544195A86028abdD8E69239A03b7ca0bC283","PerpsV2MarketLiquidateENJPERP"
"0xb997eDbe18f7e8a9904EC7E6A945f2940De5193D","PerpsV2MarketLiquidateEOSPERP"
"0x86770a2940efF6a778768592B42A6668FfB162a4","PerpsV2MarketLiquidateETCPERP"
"0x0DAeA0367d7b82644C4db4D992cF4ba39c8A359C","PerpsV2MarketLiquidateETHBTCPERP"
"0xb474425297945dA2F38423cDAb98f63860412F14","PerpsV2MarketLiquidateETHPERP"
"0x2A77E3382e205D586CA6E4C9F8D7dc6E6bB2054d","PerpsV2MarketLiquidateEURPERP"
"0xd9fd12815Ef126094E73E6741309C304d1c24580","PerpsV2MarketLiquidateFETPERP"
"0xCEEC52eae64958A7F469d2Cf919102bD198092dc","PerpsV2MarketLiquidateFILPERP"
"0xfc328bb84082AAe68cC47d7f032b177b8da348bc","PerpsV2MarketLiquidateFLOKIPERP"
"0xdACBFD99Bb915739B58ac9312c78A23ACbACB6Db","PerpsV2MarketLiquidateFLOWPERP"
"0x6680180094DF2421A9c5140b207f95759C9080Dc","PerpsV2MarketLiquidateFTMPERP"
"0xEbBeb518d4b4e488f45913A9Ef72Ea57Be676F1a","PerpsV2MarketLiquidateFXSPERP"
"0x6cb4EEcE70eF0eB8E7f81f4A0dE0FB1521E77F74","PerpsV2MarketLiquidateGBPPERP"
"0xfAFe2eC4999AeFD162aA3c0abA16D08235662606","PerpsV2MarketLiquidateGMXPERP"
"0x3804e72Fda96F6BC5ABF32EEc37BC35e56E56001","PerpsV2MarketLiquidateGRTPERP"
"0x4F7d521a7CF8FA3b6EbF5d960907aE83E2888fC7","PerpsV2MarketLiquidateICPPERP"
"0x10584F7232e992CbffFbBD981AbB37841796e5ca","PerpsV2MarketLiquidateIMXPERP"
"0xc2aA78B6d0D2A72557EdD79845b43BEE4eA4DD10","PerpsV2MarketLiquidateINJPERP"
"0x5C91D11A7a2Db54daF61e3b8cef326D930E8039A","PerpsV2MarketLiquidateJTOPERP"
"0xdf2713E82212eA2096bb14ce5f47c4A1319b3C7A","PerpsV2MarketLiquidateJUPPERP"
"0x959A4309f7d82e3D34C353a405200D8277032115","PerpsV2MarketLiquidateKNCPERP"
"0x7784B850922d995965846d8a89b0C90bEf470F15","PerpsV2MarketLiquidateLDOPERP"
"0x7D5bf858398DEa0186988A2BfDCF86aE22dd8612","PerpsV2MarketLiquidateLINKPERP"
"0x556F920a83FaBa9BE8019a33CbA4898fDB38d130","PerpsV2MarketLiquidateLTCPERP"
"0xe37858391bC66B1B8838a7459e59A802642284Fa","PerpsV2MarketLiquidateMATICPERP"
"0x7E62C949f55305C0679b4E883198f93Ac4D8e2e9","PerpsV2MarketLiquidateMAVPERP"
"0x9C8ab9A60467ccE650b4E59E5072d37CC51C5C0B","PerpsV2MarketLiquidateMEMEPERP"
"0x740444afa4F5a7CD569A7714D5252A35DC1fE299","PerpsV2MarketLiquidateMKRPERP"
"0x767F446FbD3F2e5c91292D9FA51a44102a89117d","PerpsV2MarketLiquidateNEARPERP"
"0x9c3A582Cb712C8CDb067456b993F0234EDB185bD","PerpsV2MarketLiquidateONEPERP"
"0xE9Dc2C1008b1322c21c1Fb45CD101f1b7A0C9f73","PerpsV2MarketLiquidateOPPERP"
"0x842D77B29F344cD11B93fb9eE463a3479b098aDb","PerpsV2MarketLiquidateORDIPERP"
"0xfe964748D65187bc6441bB12058E2dF3e3240d04","PerpsV2MarketLiquidatePENDLEPERP"
"0x4dFB42753f735fBbbb2b1312F72eB05D905365AD","PerpsV2MarketLiquidatePEPEPERP"
"0xc765DcA9D0e77B01b2Bb74fEBae2cF89E038092B","PerpsV2MarketLiquidatePERPPERP"
"0xd882a4e1a17e0DD0b90Bb22B7dDB6712271Da77B","PerpsV2MarketLiquidatePYTHPERP"
"0x70eE22558a577C9c3C7BE0A5F9Fb494c20e0545b","PerpsV2MarketLiquidateRNDRPERP"
"0x15df53AEcF14f4525BE5F7Ac8240968CBF5bcAAf","PerpsV2MarketLiquidateRPLPERP"
"0xa26677434188Db65e42dd5606EE297366361cc2D","PerpsV2MarketLiquidateRUNEPERP"
"0x73575B75c222bb2d6c2240E725CAa654B8ec6BAd","PerpsV2MarketLiquidateSEIPERP"
"0x640cca1164154b7F5e7b5c2eeF6D757246Cd3e2B","PerpsV2MarketLiquidateSHIBPERP"
"0x80cbc948c5dba55dc829472373e9F20203E13EB2","PerpsV2MarketLiquidateSOLPERP"
"0x89f16bfFd72166807A18fAba307cD21eC6143563","PerpsV2MarketLiquidateSTETHETHPERP"
"0xFD306A2B2e78E35F573f8593aeeD50d07ceAB6BD","PerpsV2MarketLiquidateSTETHPERP"
"0x803b5E2B4b376a747d0E95c74Cee3B9dc9B25e79","PerpsV2MarketLiquidateSTRKPERP"
"0xcfe154521ab1fc995a6bc68880Af9888221FD27C","PerpsV2MarketLiquidateSUIPERP"
"0x21F660512a18dEad0664F189aF73D74373dDC45f","PerpsV2MarketLiquidateSUSHIPERP"
"0x0c705619Bbc28809419Aae00306f726A410f99fF","PerpsV2MarketLiquidateTIAPERP"
"0xEF9cC2223931e876dfcf0642b3f2EFb6Ccef7746","PerpsV2MarketLiquidateTRBPERP"
"0x5076C4fa56fb78b28eF4a542c7ef2B0F95186e58","PerpsV2MarketLiquidateTRXPERP"
"0x14A3F810db4E4EC74906D2538DE00a4c995f229E","PerpsV2MarketLiquidateUMAPERP"
"0xB63bEF5ccC5e9316961CDCD54129743AE8455Bc4","PerpsV2MarketLiquidateUNIPERP"
"0xA552049A9f320B6a8622A003FE1108595061e223","PerpsV2MarketLiquidateUSDTPERP"
"0xD8aD261b4deA3Ce25642d909D2F3Cbf9D4632caf","PerpsV2MarketLiquidateWLDPERP"
"0x35B9D048d4CB99bB34d59fBF962E86B8Ee44760F","PerpsV2MarketLiquidateXAGPERP"
"0x2493291196F02794465b89Ef50F80C60fa8d0E89","PerpsV2MarketLiquidateXAUPERP"
"0xECE9613025F970f1d56b2Ba749e1170976465088","PerpsV2MarketLiquidateXLMPERP"
"0x5d79EeB57A35EC8b6b9Ef55052C5C9F919C3c3Ee","PerpsV2MarketLiquidateXMRPERP"
"0x95366aC32995d4C31f72C2D0029211E19bF6eB7d","PerpsV2MarketLiquidateXRPPERP"
"0xe96097De5D8d168FC46B52874dF0A474E4A293D6","PerpsV2MarketLiquidateXTZPERP"
"0x579e622B355Ac69A3a772d29A98379044CBF7722","PerpsV2MarketLiquidateYFIPERP"
"0x8649Fdb91a47281Ea1eE67b83967b0D00F79a560","PerpsV2MarketLiquidateZECPERP"
"0x0194e4BbD724633546D543A28125c579dfEc057c","PerpsV2MarketLiquidateZILPERP"
"0x67e010545133038292D124E49D1dB6459fff82AF","PerpsV2MarketLiquidateZRXPERP"
"0x496B1C5EEf77E6Ea7Ff98bB22b5ec01Dd4CFdeDA","PerpsV2MarketMATICPERP"
"0xeef768Df33e01bcd395612601569f4Ac5daf2363","PerpsV2MarketMAVPERP"
"0x5Ee88eFE11a05afCE278df521A5086B998Cd8127","PerpsV2MarketMEMEPERP"
"0x0B08D567D1893D9e0B48E61d1f9Ecd9D7C6B11EE","PerpsV2MarketMKRPERP"
"0x4df6E29C07c51e5e7F7a98aB90547861Aba42B56","PerpsV2MarketNEARPERP"
"0x66F541d5F16f2451dE9DE5098d241774a33093f4","PerpsV2MarketONEPERP"
"0x102AFf35C746B44a639A1cE344A1461306835e86","PerpsV2MarketOPPERP"
"0x3D9EF40135Ce9705F0a1eFcEb9E4Dc311C0f2F26","PerpsV2MarketORDIPERP"
"0x671a70eDa2639972cBb503fBDa0f2EbE0949ff29","PerpsV2MarketPENDLEPERP"
"0x5Be1C70475422255684E4f312E57Fe782a5102F4","PerpsV2MarketPEPEPERP"
"0x6d9bDe78D5562b6BE4B6A70f4f2511fb1A8f9E10","PerpsV2MarketPERPPERP"
"0xC3351Ec585e2D9d08aff1DF0FaA4e491cAe8c953","PerpsV2MarketPYTHPERP"
"0x3942722D61d784347F38CaA493B1E073aB321B22","PerpsV2MarketRNDRPERP"
"0x89fE4828Bf24caFbE96F804885506A7111065541","PerpsV2MarketRPLPERP"
"0x18f763fd61Efd3D9884981CC2CBd6845351e4b70","PerpsV2MarketRUNEPERP"
"0xd0De1Cc5849E07C03D1d7a2589a8D56D092DfEaf","PerpsV2MarketSEIPERP"
"0xA198D00DC35f8367BEB48f27DE9032C8209dC22C","PerpsV2MarketSHIBPERP"
"0x00FC152C7Dc2dF709161dcc8bA541eB77E612D4E","PerpsV2MarketSOLPERP"
"0xEa0324cc8D9FD70b8000bafbac7E3FF7C15275eD","PerpsV2MarketSTETHETHPERP"
"0x69125856Cfbadba925CE8345D0A5dE98F375920E","PerpsV2MarketSTETHPERP"
"0x2292de8313E1C41935dD24dc66529b4B6cdf7424","PerpsV2MarketSTRKPERP"
"0xB7c04aa1E49BBEF0A5D7A0E7885b54c9E9309704","PerpsV2MarketSUIPERP"
"0x070E7B0447e096704C54923826ac0Cb6C6472400","PerpsV2MarketSUSHIPERP"
"0x649F44CAC3276557D03223Dbf6395Af65b11c11c","PerpsV2MarketSettings"
"0x26A035D9A2eD696EacC3816674C66A7eB73aAb70","PerpsV2MarketState1INCHPERP"
"0x3773dfbbc894bfa9DF22855FCec1D1572eFC5e0a","PerpsV2MarketStateAAVEPERP"
"0xAe3D1b55CBFFc11693257FB5Dc41DE32F1E9EC7A","PerpsV2MarketStateADAPERP"
"0xd856b45d4D9671482e53E705058aF3fF09000A28","PerpsV2MarketStateALGOPERP"
"0xF5b5176933e18C4e3F603F2646f07BB262245Be8","PerpsV2MarketStateANKRPERP"
"0x089af032687993426A628184cb3D0610d2cda6F2","PerpsV2MarketStateAPEPERP"
"0x91a4F7125A6F7ec14c41d39F0AC681e8e387DA1C","PerpsV2MarketStateAPTPERP"
"0x6393113A43A4A88b9F3D53b4b21e7feEb5d3D821","PerpsV2MarketStateARBPERP"
"0xe46Ef097d2CF6FF95Ad172d5da0E65A0dE9e2468","PerpsV2MarketStateATOMPERP"
"0x6d62aA1535C7C33D7f6592562f091D193E180c57","PerpsV2MarketStateAUDPERP"
"0xC02AF29944301c8FbA606a7dF8ef446dc103238C","PerpsV2MarketStateAVAXPERP"
"0xcfdC039BDB8E4b578857b759f27D6BAa2617EDD3","PerpsV2MarketStateAXSPERP"
"0x982bb9880295EcBc34a56772fEF81E964Aee4A9f","PerpsV2MarketStateBALPERP"
"0xa664fCA1879C9cA2E6CFeD49C3C855352016E4C5","PerpsV2MarketStateBCHPERP"
"0x6aCC3519d10E46E5a228615c9d4B57CC0113A212","PerpsV2MarketStateBLURPERP"
"0x3DfBB7D0770e6Eb77fBEc89C0840E9A0f29C76Ff","PerpsV2MarketStateBNBPERP"
"0xc27e06964A83eBb5917EAB0e8607f0B1492e755C","PerpsV2MarketStateBONKPERP"
"0x68287419FcFA1c186515E99a35FF3c970B3B3C66","PerpsV2MarketStateBTCPERP"
"0xb8BC48ed3D08A3ac02D62174652369d3279705dE","PerpsV2MarketStateCELOPERP"
"0xF8dBEf33111A37879f35EE15507769CA927cf9C0","PerpsV2MarketStateCOMPPERP"
"0x5A155c378d66d8EBa2262e744738a76d913E5945","PerpsV2MarketStateCRVPERP"
"0xb76ab289C1C81498A17382CA40E799DA494f7EB7","PerpsV2MarketStateCVXPERP"
"0x0A0A22189c8732cA089D6fB6709e65140a446a41","PerpsV2MarketStateDOGEPERP"
"0xCF33a35F0f2095ABdD0C81dbde3A1cD37bE0c5cC","PerpsV2MarketStateDOTPERP"
"0xac3F9a2753f185731324907E6802395d59Bb62a2","PerpsV2MarketStateDYDXPERP"
"0x8327AA139bd7eEE62730a2cB9B9A86821810d4DB","PerpsV2MarketStateENJPERP"
"0x1f53699b435326B6e264727b5504Cc28006Bed8B","PerpsV2MarketStateEOSPERP"
"0x04412b2aE241C602Be87Bc1114238d50d08398Fb","PerpsV2MarketStateETCPERP"
"0xd10cd91683301c8C15eDA40F59e73d1b0BcfECDD","PerpsV2MarketStateETHBTCPERP"
"0x6aBC19F21D5Ce23abf392329Ef7B118c7b5F2AA8","PerpsV2MarketStateETHPERP"
"0x4eD08210706F5b74584cC7F03b38d800DC27936B","PerpsV2MarketStateEURPERP"
"0x6CA6Ae2fFE05b78545482111Ad74B6676F79C4e1","PerpsV2MarketStateFETPERP"
"0x71FD2f49f289d75D0C1E108c97Fcb2a4c54Ab424","PerpsV2MarketStateFILPERP"
"0x94a1D572baE06A31C029D4C26e1fA705f54286ef","PerpsV2MarketStateFLOKIPERP"
"0xECc8A6Af92d825ACC5B871993FC83d86CCEd5a19","PerpsV2MarketStateFLOWPERP"
"0x1951c6b2D9DD9A3CF10aaC5e79A7EcA0a5300BB5","PerpsV2MarketStateFTMPERP"
"0xd9AC5ECbB704f0bdb0a96bEBfA3B79bE829d2bC1","PerpsV2MarketStateFXSPERP"
"0x733a69D080B10Bc897452eF783020cdFe012974A","PerpsV2MarketStateGBPPERP"
"0x9f564ffB60945DEc03fB8DdEF491465Dd9b4C9Fb","PerpsV2MarketStateGMXPERP"
"0x70C512B97b06985f522F9C602CB14246ACfe2F5A","PerpsV2MarketStateGRTPERP"
"0x4bD5674a720c212FF515Dd51d4E5d304FF16B3d0","PerpsV2MarketStateICPPERP"
"0x4AfD66f7379449a73C4848B30DBeb93016346FBE","PerpsV2MarketStateIMXPERP"
"0x4C35c27fF8F0dD039B4C4F0D670f2D58f6215c9C","PerpsV2MarketStateINJPERP"
"0xbC2FDA8D78A9a7F0AFEfD45EE5c4A78f02088C10","PerpsV2MarketStateJTOPERP"
"0x5060490e390dc3D4590BD732550B3cf042d41334","PerpsV2MarketStateJUPPERP"
"0x325AF017A497953734CB7B1F51580ff9aD1122B1","PerpsV2MarketStateKNCPERP"
"0x1d46c117E7e9A5dd242724a1952911ECe78e0831","PerpsV2MarketStateLDOPERP"
"0xEed3618dd59163CC6849758F07fA9369823aa710","PerpsV2MarketStateLINKPERP"
"0xf5826f24805c162c696b79ba31ebC6FB8003d475","PerpsV2MarketStateLTCPERP"
"0x82f962aF60e6627d3ea5Db5Fd7e1a57f7E1Ef2B8","PerpsV2MarketStateMATICPERP"
"0xB241aF12256998A0051b93e02027e73CA7E5388d","PerpsV2MarketStateMAVPERP"
"0xeF35211B545B8f7EAF77F0d144A2e023d21Cb453","PerpsV2MarketStateMEMEPERP"
"0xf963a0fc0BFc38FEfE08C6062f2AD9A11AfFDEeb","PerpsV2MarketStateMKRPERP"
"0x779f424d3B3A617beB4a0DB1C21D5505De297a8A","PerpsV2MarketStateNEARPERP"
"0xEdB8F5e51e5B11E73beA72600aa2De7a4A2eAFa4","PerpsV2MarketStateONEPERP"
"0xBdD0D09f73AC6f8Ef59A71baab283C12dcab06fA","PerpsV2MarketStateOPPERP"
"0xDe344136FB507e96Df8694615f6AF1739A2a9AaD","PerpsV2MarketStateORDIPERP"
"0xe9Eb0074F3c7e4Fc5c8F717fB565649749EeFc4a","PerpsV2MarketStatePENDLEPERP"
"0x2365D3e91E585c974c28a5B82d6AA266F68a44Ad","PerpsV2MarketStatePEPEPERP"
"0x6941ad5Ac604d2329f96bEA75C7b25D19Cc06701","PerpsV2MarketStatePERPPERP"
"0xD326CFAb7af228aE6e97d879E9E6A3E7faA8D328","PerpsV2MarketStatePYTHPERP"
"0x82DCd3e7224DDA8dF6A746d70F1Cce80df4384c2","PerpsV2MarketStateRNDRPERP"
"0xf606E99D6F6a003623eA5764dA119BAEcB2e8C99","PerpsV2MarketStateRPLPERP"
"0x2CC4707f6aeF86cDBA05F45Da98D365a66DFD5d7","PerpsV2MarketStateRUNEPERP"
"0x9F6AA1c141838DF56eF82Be286cAbd2616c8B309","PerpsV2MarketStateSEIPERP"
"0xc2c71156d9DDe42F412e83a3E169283Cd70F3E9D","PerpsV2MarketStateSHIBPERP"
"0x435e6e499610B6De3510F0Cb047D3575C7bca6E1","PerpsV2MarketStateSOLPERP"
"0x2EC454957C0e66266398076f066fAaC77c48d88d","PerpsV2MarketStateSTETHETHPERP"
"0x777A913412D576532120ac1d266d4C908e584DB2","PerpsV2MarketStateSTETHPERP"
"0x73f056Ca71F4f4f5eA6375dD710D62247873001b","PerpsV2MarketStateSTRKPERP"
"0x2cCaf0500142F8E563fF361C3b34AbEe16B6205d","PerpsV2MarketStateSUIPERP"
"0x854A3500F1443ba99F746CA605d8FC25F0d06f32","PerpsV2MarketStateSUSHIPERP"
"0x75D9ABD9B5e9724345570cFa587BA791c6B012a3","PerpsV2MarketStateTIAPERP"
"0x4B786a8b4b7ca90f9857776b0B888cED53CFeeF0","PerpsV2MarketStateTRBPERP"
"0x52cCa59bFa0228F41Ab69558F5f2EE3739323c02","PerpsV2MarketStateTRXPERP"
"0x595f37E1b21870571eE99fbe815D6790D817C0Ba","PerpsV2MarketStateUMAPERP"
"0x0db1B224C5203fA22CFdFA3F92519D150ad86612","PerpsV2MarketStateUNIPERP"
"0xC2231D2cAdDBee015AeDddd3F0EE3874E3bd1d59","PerpsV2MarketStateUSDTPERP"
"0xd4b10C896D82B3158A9a9fcb8F6fBC5A8D833C04","PerpsV2MarketStateWLDPERP"
"0x28E1CE29aCdFe1E74e6fA18591E1D5481D2085a1","PerpsV2MarketStateXAGPERP"
"0xc564040630d6929070D85DF237FDf60F6bfE4b5F","PerpsV2MarketStateXAUPERP"
"0xEaFa65b829b37277a14fE43de9fAda0d9e897E4d","PerpsV2MarketStateXLMPERP"
"0x3d869950817920Eda9fC9A633ab7F06B97444dd7","PerpsV2MarketStateXMRPERP"
"0x0Ea666319f4f0eAa7f16711f2fe7F4B159957f48","PerpsV2MarketStateXRPPERP"
"0xaf621161755C601C1469e3487ce971f39Ae507BC","PerpsV2MarketStateXTZPERP"
"0x2107A107D1043b2c442b8de40d6696C29bD2c5b8","PerpsV2MarketStateYFIPERP"
"0xe94afDEd9CB9AB143E8cCc8C7439794E8C41F1A6","PerpsV2MarketStateZECPERP"
"0x5aCd4ABF5DDfb7F27B5940D1Aef640d6b67a2Cba","PerpsV2MarketStateZILPERP"
"0x0e4695edb83FB23E6b12AFa3660beF09610791de","PerpsV2MarketStateZRXPERP"
"0xECF9f79602bC7F8751166254639aA6605Bc5f2E8","PerpsV2MarketTIAPERP"
"0x2C993C071e15513419a2563766d2E7Db6A55F3C4","PerpsV2MarketTRBPERP"
"0x093583D2135aF25ab49a4E148698ee0125bCF2F8","PerpsV2MarketTRXPERP"
"0xecAfBAc3221160337a3a8dcB25A955f50618feeB","PerpsV2MarketUMAPERP"
"0xd5ea02e6324693BaCbDE3E63a3C72E5a227a4dDb","PerpsV2MarketUNIPERP"
"0xB7d7605f814Da681cC299A9Ac9ABBfc1ea65E40A","PerpsV2MarketUSDTPERP"
"0x23D5291fEa095D8851cE3bB711a10b4982923d9a","PerpsV2MarketViews1INCHPERP"
"0x619676Df5C402D0eb008104e9a658C1F65DBF702","PerpsV2MarketViewsAAVEPERP"
"0x703f070BC98f835EDc5DE183A537d837a7c65C9F","PerpsV2MarketViewsADAPERP"
"0xfd9f2393634fAe33099503b45719d8EBf1dA7744","PerpsV2MarketViewsALGOPERP"
"0xeb4F86ADD4313d281cDfe1B566b3D94D0e6E05A4","PerpsV2MarketViewsANKRPERP"
"0x2891452e2068Ac9471E3610e956510C46B4EffE5","PerpsV2MarketViewsAPEPERP"
"0xE44179Cb9623C3bB7a9BCF54b4B1DD5ad8c672e3","PerpsV2MarketViewsAPTPERP"
"0x23b2558318E4955DfC3402567E22B1FF102DB3DD","PerpsV2MarketViewsARBPERP"
"0xA92C0142c3239e8e07cbb9f33e4C0dD4Fc19089b","PerpsV2MarketViewsATOMPERP"
"0x7D0256E0936103b32AAD59E80257B59E988E75e2","PerpsV2MarketViewsAUDPERP"
"0xBb1250d0D96a22CF62ee12AEcC2FA684F3Ca04E8","PerpsV2MarketViewsAVAXPERP"
"0xcaDD53c5fAAe5111c7a0429Ee1f99A695433Fb17","PerpsV2MarketViewsAXSPERP"
"0x3FFbC2f1029ccb193d011757E2bbd57538711D86","PerpsV2MarketViewsBALPERP"
"0x0bB16a341EdA6b5e0768b55eb091Cd914bE96bc1","PerpsV2MarketViewsBCHPERP"
"0xeD20040b21FDf6d68336F6E61AD05F235e3eA9f3","PerpsV2MarketViewsBLURPERP"
"0xA227c833786E46d53cf9E9a14cFF906477335D91","PerpsV2MarketViewsBNBPERP"
"0xE0a9be89b352014028dA9837233168DD5CCEC9B1","PerpsV2MarketViewsBONKPERP"
"0xE662e0aF5fCaBe78aaaF4cFF0a13ca69512Fc481","PerpsV2MarketViewsBTCPERP"
"0x19bd719105008C82dA4b4FD8112c9D2A97C0930c","PerpsV2MarketViewsCELOPERP"
"0xbaAcf0F9dEA6b17D8667a34b7f69f60591c8D68D","PerpsV2MarketViewsCOMPPERP"
"0x94cF2BB95BdC525f90311dDb2eDCd1C481e81A9D","PerpsV2MarketViewsCRVPERP"
"0xE854473Fc57DB647f957d813044649200C6E1c4e","PerpsV2MarketViewsCVXPERP"
"0x9c79C19FF4d1a6531D9a4F91e96534F5D002dF8B","PerpsV2MarketViewsDOGEPERP"
"0x29533e33226E5383A36eb4BF515Ff067379eD841","PerpsV2MarketViewsDOTPERP"
"0x2e26D4beC1464409c154f653A238cE5BAAA00198","PerpsV2MarketViewsDYDXPERP"
"0x04631B9297919E98334C5AbAa762C48af071b4ef","PerpsV2MarketViewsENJPERP"
"0x86508410Fd82c863920f194DA49a0835717c3673","PerpsV2MarketViewsEOSPERP"
"0x4e8f55f1948D3E61A1FD3Cd38Ce05EFC77bffEb5","PerpsV2MarketViewsETCPERP"
"0xe082Bd0Ac75c78196F312150A298ade27aebecB0","PerpsV2MarketViewsETHBTCPERP"
"0x989D359dBF9C531aE6C305c37AC37220b8Dd99Eb","PerpsV2MarketViewsETHPERP"
"0x5Ade35CEdDEd082BDB27A94e2A20aC327a67172e","PerpsV2MarketViewsEURPERP"
"0xDB3de223c0cF8D76A4Ae3a09308Fc605c6dF8802","PerpsV2MarketViewsFETPERP"
"0x836804b2C489704068185D190C1763b9a5adDa93","PerpsV2MarketViewsFILPERP"
"0xab5745E6cD602742636491409E18a73E223C8aff","PerpsV2MarketViewsFLOKIPERP"
"0x73d8fD1dC5E38cEF6754Fc5009015CaaEE218461","PerpsV2MarketViewsFLOWPERP"
"0xab0d9E3FF817faa88F4bBC783CFA6D55E5f10F3E","PerpsV2MarketViewsFTMPERP"
"0x6a15EE080c2FdE246b674918bff3B52d414525cb","PerpsV2MarketViewsFXSPERP"
"0x3f30190416EBdE7F50749cf3579Af1beeF2E7Fa8","PerpsV2MarketViewsGBPPERP"
"0x9a05f2F00Ca385ba7d4368737ec1485384Ca8874","PerpsV2MarketViewsGMXPERP"
"0x68f05ef597BED7bE78A2ffF6E78206c99f79AbFD","PerpsV2MarketViewsGRTPERP"
"0xdd1122620688C25DF27DD405cf467cC9e5C0CC82","PerpsV2MarketViewsICPPERP"
"0xF647dA1E37ab60A418cbd68f864b96eCAa545118","PerpsV2MarketViewsIMXPERP"
"0x3713BC72567A6C797AC69678f72a5A0d80c56dC9","PerpsV2MarketViewsINJPERP"
"0x92E1D720a055604C72Ffe14c4e51A1c5d67D5D3A","PerpsV2MarketViewsJTOPERP"
"0xD50e7390dad2DE90313C1ACD00c51212Ffa9BE5D","PerpsV2MarketViewsJUPPERP"
"0xCcff378F3aA9E4ABB36fdCb03371a59008C28708","PerpsV2MarketViewsKNCPERP"
"0xEbf81425e81e2A879C139DB3B3891B0A635dCF7F","PerpsV2MarketViewsLDOPERP"
"0x2903C913BBbac9fBb6c4A080210cEd9EeC1f66a6","PerpsV2MarketViewsLINKPERP"
"0x184D5A9f37D0ca2151102958D174E21Db6605069","PerpsV2MarketViewsLTCPERP"
"0x2F94942764C997e777F7Ded68679a5eCC6B7514c","PerpsV2MarketViewsMATICPERP"
"0x04915C122ebA1cd7629a2a00D9aE2a4C145aB21b","PerpsV2MarketViewsMAVPERP"
"0x65AC63AaF11dF18d392469eD2D8CaF8E2E40E788","PerpsV2MarketViewsMEMEPERP"
"0xb1204d3fFfeaEa354f2f04779BEdcd0d8f3598fa","PerpsV2MarketViewsMKRPERP"
"0xC314CFB9C5706f316F3916543aD2F3e4c3aa2d02","PerpsV2MarketViewsNEARPERP"
"0xA4d53f6CBCF314f318f316ae61cDd400c974085d","PerpsV2MarketViewsONEPERP"
"0x2fffEBeD35931abD9014A39AE41fa26D511E31F4","PerpsV2MarketViewsOPPERP"
"0x6aEa7024E001560Ebf4F634d3EBfC8403FE0c7BF","PerpsV2MarketViewsORDIPERP"
"0x4c5F5843131718D76f8Ee6595F7F33D2D3329B34","PerpsV2MarketViewsPENDLEPERP"
"0x17ccEfad2AE2784Af7012af04c76bdafAa4E7b37","PerpsV2MarketViewsPEPEPERP"
"0x24D29234e34793476000FA068E858dE4380646E6","PerpsV2MarketViewsPERPPERP"
"0x9EE6dF39fe29EAb8116DB947CC642794400b70DF","PerpsV2MarketViewsPYTHPERP"
"0xaEB7205C613c1e1aD34E077EbE86fDB9Da16cEcf","PerpsV2MarketViewsRNDRPERP"
"0x882e4a84Cbd9b55052c85e1FF05289aa577659B9","PerpsV2MarketViewsRPLPERP"
"0xa9BB96d03A6ED56C14cd47a2CE75Fa6a7633aeC2","PerpsV2MarketViewsRUNEPERP"
"0x8A6EF192d45e8ea930bC7f4F0eD457f213731BBb","PerpsV2MarketViewsSEIPERP"
"0xe4D25C54759ecd13c10e6c64aB9127c6408F9CfF","PerpsV2MarketViewsSHIBPERP"
"0xFaf84737Dae0DA0c093BC172e32FB845016Df642","PerpsV2MarketViewsSOLPERP"
"0x875bBc7285d52Ca957024999315717D45ba99276","PerpsV2MarketViewsSTETHETHPERP"
"0x0060b9F4eaA97b310Bf74947EdCdFE2967e54D7d","PerpsV2MarketViewsSTETHPERP"
"0xE50DBa755fd9e9Aad8198193FF9C7e4aE1F3443a","PerpsV2MarketViewsSTRKPERP"
"0x748f78A5dC4a4325BcdF251DeE85E481a2dC6929","PerpsV2MarketViewsSUIPERP"
"0xc7a869dEEEE1aCaB2B30B6022C246194c83ed49C","PerpsV2MarketViewsSUSHIPERP"
"0x2BB9c128C397f50AFdB82d99096EE9E5acFF166a","PerpsV2MarketViewsTIAPERP"
"0x7bfa1D23Ec09cCCEF678c0175794Ef9e9dc11d18","PerpsV2MarketViewsTRBPERP"
"0xD1c8E9B404053560bc6A0302c4395FfB0FfD1C79","PerpsV2MarketViewsTRXPERP"
"0x99B2b4F1C6222d97e70Cf7D0C7Cc314465Ca9dC0","PerpsV2MarketViewsUMAPERP"
"0x90efaafEc5B183D09bc5b2cE81E8A12e4c2A6002","PerpsV2MarketViewsUNIPERP"
"0xCee08cC3BB744dEC69f6eECf5B7B62CCD9143E99","PerpsV2MarketViewsUSDTPERP"
"0x33c3C4D49dEe4232498B3eFA5336C627801E998d","PerpsV2MarketViewsWLDPERP"
"0x9BdC86302479112e61f3BA7761dC704f7044D304","PerpsV2MarketViewsXAGPERP"
"0x9A3Ecffd8Cb317685EF0Df7B4aF5C4c9d1aF53eC","PerpsV2MarketViewsXAUPERP"
"0x0C35263A2c4ed7BB812D3B4f4A5Da1A623fB2b7B","PerpsV2MarketViewsXLMPERP"
"0x90241392dbA7FAa1d1d96C6927f0FBfe93FdF226","PerpsV2MarketViewsXMRPERP"
"0x047B3714f3B3adFC1aa1F31c710ca3cA967Aeaa3","PerpsV2MarketViewsXRPPERP"
"0x95CaB224896972e69Ad626bC75D29116CE7d4521","PerpsV2MarketViewsXTZPERP"
"0x2a1Fa1Fbf771c353eBFe63472EBbB16444A9b0ef","PerpsV2MarketViewsYFIPERP"
"0x77fB9D52099d4207108C26AB22f9D8BBF691A37A","PerpsV2MarketViewsZECPERP"
"0xd21F7CC02f3a9B6d059cdAd6e0C0f4db18420189","PerpsV2MarketViewsZILPERP"
"0x0ED899BDe78B8f647D8bB1A44cD2DeDFC087188C","PerpsV2MarketViewsZRXPERP"
"0xF2bb38E5FE4e244EF3ab82F218383Ba4D358f895","PerpsV2MarketWLDPERP"
"0xe0D10647D92749Da9bd5c250dF2EEF2e4110a8c3","PerpsV2MarketXAGPERP"
"0xd6A06A8c73265e471639bd953D24832bBcd548fd","PerpsV2MarketXAUPERP"
"0xff8Bf0f6f9494b44AeD91BB7868Ab94b76dCeAAD","PerpsV2MarketXLMPERP"
"0x51a8e343841eEd0439De080cDc5d96c4A8568860","PerpsV2MarketXMRPERP"
"0x995f710838a070D43D94d4420194Bb09cFC332E6","PerpsV2MarketXRPPERP"
"0x577B7dAdF6052d8DFA3C394143a4021b433A809c","PerpsV2MarketXTZPERP"
"0x555a66ae81b447f3e4533A8159e2462D17A7e7c3","PerpsV2MarketYFIPERP"
"0x8CC84E2c8BE0B7999B65A6b2bceF4dfF1f433Ce1","PerpsV2MarketZECPERP"
"0x7EA760077b84f5e9A5D8a51Bf2A49B91D7cd5aa9","PerpsV2MarketZILPERP"
"0x4DdD30Fff71Bd03AfFd9A6E27c7C8C0CC9731b22","PerpsV2MarketZRXPERP"
"0xd5fAaa459e5B3c118fD85Fc0fD67f56310b1618D","PerpsV2Proxy1INCHPERP"
"0x5374761526175B59f1E583246E20639909E189cE","PerpsV2ProxyAAVEPERP"
"0xF9DD29D2Fd9B38Cd90E390C797F1B7E0523f43A9","PerpsV2ProxyADAPERP"
"0x96f2842007021a4C5f06Bcc72961701D66Ff8465","PerpsV2ProxyALGOPERP"
"0x90c9B9D7399323FfFe63819788EeD7Cde1e6A78C","PerpsV2ProxyANKRPERP"
"0x5B6BeB79E959Aac2659bEE60fE0D0885468BF886","PerpsV2ProxyAPEPERP"
"0x9615B6BfFf240c44D3E33d0cd9A11f563a2e8D8B","PerpsV2ProxyAPTPERP"
"0x509072A5aE4a87AC89Fc8D64D94aDCb44Bd4b88e","PerpsV2ProxyARBPERP"
"0xbB16C7B3244DFA1a6BF83Fcce3EE4560837763CD","PerpsV2ProxyATOMPERP"
"0x9De146b5663b82F44E5052dEDe2aA3Fd4CBcDC99","PerpsV2ProxyAUDPERP"
"0xc203A12F298CE73E44F7d45A4f59a43DBfFe204D","PerpsV2ProxyAVAXPERP"
"0x3a52b21816168dfe35bE99b7C5fc209f17a0aDb1","PerpsV2ProxyAXSPERP"
"0x71f42cA320b3e9A8e4816e26De70c9b69eAf9d24","PerpsV2ProxyBALPERP"
"0x96690aAe7CB7c4A9b5Be5695E94d72827DeCC33f","PerpsV2ProxyBCHPERP"
"0xa1Ace9ce6862e865937939005b1a6c5aC938A11F","PerpsV2ProxyBLURPERP"
"0x0940B0A96C5e1ba33AEE331a9f950Bb2a6F2Fb25","PerpsV2ProxyBNBPERP"
"0xB3422e49dB926f7C5F5d7DaF5F1069Abf1b7E894","PerpsV2ProxyBONKPERP"
"0x59b007E9ea8F89b069c43F8f45834d30853e3699","PerpsV2ProxyBTCPERP"
"0x2292865b2b6C837B7406E819200CE61c1c4F8d43","PerpsV2ProxyCELOPERP"
"0xb7059Ed9950f2D9fDc0155fC0D79e63d4441e806","PerpsV2ProxyCOMPPERP"
"0xD5fBf7136B86021eF9d0BE5d798f948DcE9C0deA","PerpsV2ProxyCRVPERP"
"0x2F0Fe4B621E7e54110446cE2df699004c6194636","PerpsV2ProxyCVXPERP"
"0x98cCbC721cc05E28a125943D69039B39BE6A21e9","PerpsV2ProxyDOGEPERP"
"0x8B9B5f94aac2316f048025B3cBe442386E85984b","PerpsV2ProxyDOTPERP"
"0x139F94E4f0e1101c1464a321CBA815c34d58B5D9","PerpsV2ProxyDYDXPERP"
"0x88C8316E5CCCCE2E27e5BFcDAC99f1251246196a","PerpsV2ProxyENJPERP"
"0x50a40d947726ac1373DC438e7aaDEde9b237564d","PerpsV2ProxyEOSPERP"
"0x4bF3C1Af0FaA689e3A808e6Ad7a8d89d07BB9EC7","PerpsV2ProxyETCPERP"
"0xD5FcCd43205CEF11FbaF9b38dF15ADbe1B186869","PerpsV2ProxyETHBTCPERP"
"0x2B3bb4c683BFc5239B029131EEf3B1d214478d93","PerpsV2ProxyETHPERP"
"0x87AE62c5720DAB812BDacba66cc24839440048d1","PerpsV2ProxyEURPERP"
"0x4272b356e7E406Eeef15E47692f7f4dE86370634","PerpsV2ProxyFETPERP"
"0x2C5E2148bF3409659967FE3684fd999A76171235","PerpsV2ProxyFILPERP"
"0x5ed8D0946b59d015f5A60039922b870537d43689","PerpsV2ProxyFLOKIPERP"
"0x27665271210aCff4Fab08AD9Bb657E91866471F0","PerpsV2ProxyFLOWPERP"
"0xC18f85A6DD3Bcd0516a1CA08d3B1f0A4E191A2C4","PerpsV2ProxyFTMPERP"
"0x2fD9a39ACF071Aa61f92F3D7A98332c68d6B6602","PerpsV2ProxyFXSPERP"
"0x1dAd8808D8aC58a0df912aDC4b215ca3B93D6C49","PerpsV2ProxyGBPPERP"
"0x33d4613639603c845e61A02cd3D2A78BE7d513dc","PerpsV2ProxyGMXPERP"
"0x3f957DF3AB99ff502eE09071dd353bf4352BBEfE","PerpsV2ProxyGRTPERP"
"0x105f7F2986A2414B4007958b836904100a53d1AD","PerpsV2ProxyICPPERP"
"0xBBd74c2c8c89D45B822e08fCe400F4DDE99e600b","PerpsV2ProxyIMXPERP"
"0x852210F0616aC226A486ad3387DBF990e690116A","PerpsV2ProxyINJPERP"
"0xae90E9BB73b32505FB56a0F4Fd4eC8cf94BaB730","PerpsV2ProxyJTOPERP"
"0xf9AE92bc49A5DD96AE5840eaAE75218016811c99","PerpsV2ProxyJUPPERP"
"0x152Da6a8F32F25B56A32ef5559d4A2A96D09148b","PerpsV2ProxyKNCPERP"
"0xaa94C874b91ef16C8B56A1c5B2F34E39366bD484","PerpsV2ProxyLDOPERP"
"0x31A1659Ca00F617E86Dc765B6494Afe70a5A9c1A","PerpsV2ProxyLINKPERP"
"0xB25529266D9677E9171BEaf333a0deA506c5F99A","PerpsV2ProxyLTCPERP"
"0x074B8F19fc91d6B2eb51143E1f186Ca0DDB88042","PerpsV2ProxyMATICPERP"
"0x572F816F21F56D47e4c4fA577837bd3f58088676","PerpsV2ProxyMAVPERP"
"0x48BeadAB5781aF9C4Fec27AC6c8E0F402F2Cc3D6","PerpsV2ProxyMEMEPERP"
"0xf7d9Bd13F877171f6C7f93F71bdf8e380335dc12","PerpsV2ProxyMKRPERP"
"0xC8fCd6fB4D15dD7C455373297dEF375a08942eCe","PerpsV2ProxyNEARPERP"
"0x86BbB4E38Ffa64F263E84A0820138c5d938BA86E","PerpsV2ProxyONEPERP"
"0x442b69937a0daf9D46439a71567fABE6Cb69FBaf","PerpsV2ProxyOPPERP"
"0xE698CcC3cD4f2172a848094eA6D28D89d750C16f","PerpsV2ProxyORDIPERP"
"0xd4e9e0784C3cE4796f54F2EA0D337c7CFcCFD645","PerpsV2ProxyPENDLEPERP"
"0x3D3f34416f60f77A0a6cC8e32abe45D32A7497cb","PerpsV2ProxyPEPEPERP"
"0xaF2E4c337B038eaFA1dE23b44C163D0008e49EaD","PerpsV2ProxyPERPPERP"
"0x296286ae0b5c066CBcFe46cc4Ffb375bCCAFE640","PerpsV2ProxyPYTHPERP"
"0x91cc4a83d026e5171525aFCAEd020123A653c2C9","PerpsV2ProxyRNDRPERP"
"0xfAD0835dAD2985b25ddab17eace356237589E5C7","PerpsV2ProxyRPLPERP"
"0xEAf0191bCa9DD417202cEf2B18B7515ABff1E196","PerpsV2ProxyRUNEPERP"
"0x66fc48720f09Ac386608FB65ede53Bb220D0D5Bc","PerpsV2ProxySEIPERP"
"0x69F5F465a46f324Fb7bf3fD7c0D5c00f7165C7Ea","PerpsV2ProxySHIBPERP"
"0x0EA09D97b4084d859328ec4bF8eBCF9ecCA26F1D","PerpsV2ProxySOLPERP"
"0x08388dC122A956887c2F736Aaec4A0Ce6f0536Ce","PerpsV2ProxySTETHETHPERP"
"0xD91Db82733987513286B81e7115091d96730b62A","PerpsV2ProxySTETHPERP"
"0x2F0F0865dFDD52AdefB583Ae824dDE7D60b76a3B","PerpsV2ProxySTRKPERP"
"0x09F9d7aaa6Bef9598c3b676c0E19C9786Aa566a8","PerpsV2ProxySUIPERP"
"0xdcCDa0cFBEE25B33Ff4Ccca64467E89512511bf6","PerpsV2ProxySUSHIPERP"
"0x35B0ed8473e7943d31Ee1eeeAd06C8767034Ce39","PerpsV2ProxyTIAPERP"
"0xbdb26bfb6A229d7f254FAf1B2c744887ec5F1f31","PerpsV2ProxyTRBPERP"
"0x031A448F59111000b96F016c37e9c71e57845096","PerpsV2ProxyTRXPERP"
"0xb815Eb8D3a9dA3EdDD926225c0FBD3A566e8C749","PerpsV2ProxyUMAPERP"
"0x4308427C463CAEAaB50FFf98a9deC569C31E4E87","PerpsV2ProxyUNIPERP"
"0x1681212A0Edaf314496B489AB57cB3a5aD7a833f","PerpsV2ProxyUSDTPERP"
"0x77DA808032dCdd48077FA7c57afbF088713E09aD","PerpsV2ProxyWLDPERP"
"0xdcB8438c979fA030581314e5A5Df42bbFEd744a0","PerpsV2ProxyXAGPERP"
"0x549dbDFfbd47bD5639f9348eBE82E63e2f9F777A","PerpsV2ProxyXAUPERP"
"0xfbbBFA96Af2980aE4014d5D5A2eF14bD79B2a299","PerpsV2ProxyXLMPERP"
"0x2ea06E73083f1b3314Fa090eaE4a5F70eb058F2e","PerpsV2ProxyXMRPERP"
"0x6110DF298B411a46d6edce72f5CAca9Ad826C1De","PerpsV2ProxyXRPPERP"
"0xC645A757DD81C69641e010aDD2Da894b4b7Bc921","PerpsV2ProxyXTZPERP"
"0x6940e7C6125a177b052C662189bb27692E88E9Cb","PerpsV2ProxyYFIPERP"
"0xf8aB6B9008f2290965426d3076bC9d2EA835575e","PerpsV2ProxyZECPERP"
"0x01a43786C2279dC417e7901d45B917afa51ceb9a","PerpsV2ProxyZILPERP"
"0x76BB1Edf0C55eC68f4C8C7fb3C076b811b1a9b9f","PerpsV2ProxyZRXPERP"
"0x8700dAec35aF8Ff88c16BdF0418774CB3D7599B4","ProxyERC20"
"0x8c6f28f2F1A3C87F0f938b96d27520d9751ec8d9","ProxyERC20sUSD"
"0x4a16A42407AA491564643E1dfc1fd50af29794eF","ProxyFeePool"
"0x8700dAec35aF8Ff88c16BdF0418774CB3D7599B4","ProxysAAVE"
"0x00B8D5a5e1Ac97Cb4341c4Bc4367443c8776e8d9","ProxysAVAX"
"0xB2b42B231C68cbb0b4bF2FFEbf57782Fd97D3dA4","ProxysBTC"
"0x298B9B95708152ff6968aafd889c6586e9169f1D","ProxysETH"
"0xE405de8F52ba7559f9df3C368500B6E6ae6Cee49","ProxysEUR"
"0xFBc4198702E81aE77c06D58f81b629BDf36f0a71","ProxysLINK"
"0xc5Db22719A06418028A40A9B5E9A7c02959D0d08","ProxysMATIC"
"0x81DDfAc111913d3d5218DEA999216323B7CD6356","ProxysSOL"
"0x8b2F7Ae8cA8EE8428B6D76dE88326bB413db2766","ProxysUNI"
"0x8c6f28f2F1A3C87F0f938b96d27520d9751ec8d9","ReadProxyAddressResolver"
"0x1Cb059b7e74fD21665968C908806143E744D5F30","RewardEscrowV2"
"0x5Fc9B8d2B7766f061bD84a41255fD1A76Fd1FAa2","RewardEscrowV2Storage"
"0x0c2ED9B23BAF9C5f486e175D406728d3bE46d2A6","RewardsDistribution"
"0x5d9187630E99dBce4BcAB8733B76757f7F44aA2e","SafeDecimalMath"
"0x0142F40c25CE1F1177Ed131101FA19217396cB88","SignedSafeDecimalMath"
"0x253914cf059f4c3E277c28060C404acFc38FB6e2","StakingRewardsSNXWETHUniswapV3"
"0xfD49C7EE330fE060ca66feE33d49206eB96F146D","StakingRewardssUSDDAIUniswapV3"
"0x7E11c004d20b502729918687E6E6777b28499085","SynthRedeemer"
"0xA997BD647AEe62Ef03b41e6fBFAdaB43d8E57535","SynthUtil"
"0x87b1481c82913301Fc6c884Ac266a7c430F92cFA","Synthetix"
"0x5A41F634958dB9183e9d0d1Cd8Dee439B6ABb3BF","SynthetixBridgeToBase"
"0x136b1EC699c62b0606854056f02dC7Bb80482d63","SynthetixDebtShare"
"0x45c55BF488D3Cb8640f12F63CbeDC027E8261E79","SynthetixEscrow"
"0x06C6D063896ac733673c4474E44d9268f2402A55","SynthetixState"
"0x9770239D49Db97E77fc5Adcb5413654C9e45A510","SynthsAAVE"
"0x34783A738DdC355cD7c737D4101b20622681332a","SynthsAVAX"
"0x368A5126fF8e659004b6f9C9F723E15632e2B428","SynthsBTC"
"0x421DEF861D623F7123dfE0878D86E9576cbb3975","SynthsETH"
"0xe9dceA0136FEFC76c4E639Ec60CCE70482E2aCF7","SynthsEUR"
"0xdEdb0b04AFF1525bb4B6167F00e61601690c1fF2","SynthsLINK"
"0x0F6877e0Bb54a0739C6173A814B39D5127804123","SynthsMATIC"
"0xf49C194954b6B91855aC06D6C88Be316da60eD96","SynthsSOL"
"0x04B50a5992Ea2281E14d43494d656698EA9C24dD","SynthsUNI"
"0xcF2E165D2359E3C4dFF1E10eC40dBB5a745223A9","SynthsUSD"
"0xDfA2d3a0d32F870D87f8A0d7AA6b9CdEB7bc5AdB","SystemSettings"
"0xE28b785ecc2Cb5FE949f5f31A5aEC3989f764838","SystemSettingsLib"
"0x6fEd9c8de9886557AA7F4bF7784Cb579d38F833c","SystemStatus"
"0xE8c41bE1A167314ABAF2423b72Bf8da826943FFD","TokenStateSynthetix"
"0xB9c6CA25452E7f6D0D3340CE1e9B573421afc2eE","TokenStatesAAVE"
"0xAf918f4a72BC34E59dFaF65866feC87947F1f590","TokenStatesAVAX"
"0x2114d1C571CB541f3416a65f8BccFf9BB9E55Dc5","TokenStatesBTC"
"0xA9E630952522E3F110322711F424528Af894e307","TokenStatesETH"
"0xEc3665F7e696b0Ad0D04Ae5161b18782D48cd1fd","TokenStatesEUR"
"0x7afF10fc89B162c7aBf77974d190E7959cb456f5","TokenStatesLINK"
"0x08a008eEA07d3cC7ca1913EEC3468C10F8F79e6A","TokenStatesMATIC"
"0x937C9E1d18bEB4F8E1BCB0Dd7a612ca6012517a3","TokenStatesSOL"
"0x6825Dd6B5b83FBbFF1049A44dc808A10fe9a6719","TokenStatesUNI"
"0xf32b995Fe4dDf540C848236dB9638d137Aa9b6ff","TokenStatesUSD"
"0x92bAc115d89cA17fd02Ed9357CEcA32842ACB4c2","TradingRewards"
"0x2DcAD1A019fba8301b77810Ae14007cc88ED004B","WrapperFactory"